country,country code,year,POP,GDP
Malawi,MWI,2019,11801.505,5026.221784
Uruguay,URY,2019,3219.793,25255.96169
